state,state_abr,title,party,first_last_,climate_denier,display_on_default,quote_text,quote_reference,quote_reference_url,total_career_contributions
Alabama,al,Representative,Republican,Gary Palmer,TRUE,FALSE,"Alabama.com reported that Rep. Palmer said, ""I am a firm believer in sound science. There have been new findings that clearly show the science is not settled on climate change.""","Alabama.com, 11/2/16",http://www.al.com/opinion/index.ssf/2016/11/climate_changes_and_alabamians.html,"$70,350"
Alabama,al,Representative,Republican,Mo Brooks,TRUE,FALSE,"In a recent hearing of the House Committee on Science, Space and Technology, Rep. Brooks implied that rocks were causing rising sea levels, rather than climate change: ""What about erosion? Every time you have that soil or rock, whatever it is, that is deposited into the seas, that forces the sea levels to rise because now you've got less space in those oceans because the bottom is moving up.""","CNN, 5/18/18",https://www.cn...ge/index.html,"$24,000"
Alabama,al,Representative,Republican,Robert Aderholt,TRUE,FALSE,"In an op-ed for the Daily Mountain Eagle, Rep. Aderholt wrote: ""I fall into the second group of people who believe, as do many very credible scientists, that the earth is currently in a natural warming cycle rather than a man-made climate change. Many scientists believe that natural cycles of warming and cooling have existed since the beginning of Earth. If we take the current models of climate prediction and apply those same models to what actually happened in the last thirty years, the models are shown to be very flawed. In addition, what knowledge we do have of a warming period in the Middle Ages cannot be explained by current models which are focused on greenhouse gas reductions.""","Office of Rep. Robert B. Aderholt, 12/13/09",https://aderholt.house.gov/media-center/in-the-news/controversy-about-climate-change,"$383,383"
Alaska,ak,Representative,Republican,Don Young,TRUE,FALSE,"Rep. Young's website says, ""I do not challenge that climate change is occurring, but the central question awaiting an answer is to what extent man-made emissions are responsible for this change. Contrary to popular opinion, that question remains unanswered.""","Office of Rep. Don Young, last accessed 1/19",https://donyoung.house.gov/issues/issue/?IssueID=5006,"$1,482,013"
Arizona,az,Representative,Republican,Andy Biggs,TRUE,FALSE,"The Arizona Republic reports that at a town hall, Rep. Biggs said, “There are credible scientists who say climate change exists; we aren’t sure why. There are credible scientists who say that. There are credible scientists who say it doesn’t.”","The Arizona Republic, 4/11/17",https://www.azcentral.com/story/news/politics/arizona/2017/04/12/andy-biggs-town-hall-arizona/100124436/,"$25,000"
Arizona,az,Representative,Republican,Debbie Lesko,TRUE,FALSE,"According to The Arizona Republic, when Rep. Lesko was asked at a candidate debate whether she believed in climate change, she responded: ""Is some of it, maybe, human-caused? Possibly. But certainly not the majority of it. I think it just goes through cycles and it has to do a lot with the sun. So no, I'm not a global warming proponent.""","The Arizona Republic, 1/30/18",https://www.azcentral.com/story/news/local/arizona-environment/2018/01/30/west-valley-congressional-candidates-climate-change/1067821001/,"$41,650"
Arizona,az,Representative,Republican,David Schweikert,TRUE,FALSE,"In a 2008 interview, Rep. Schweikert said: ""Understanding what part of climate change is part of a natural cycle and what part has human components is the first step. Our elected officials must be careful to react to facts and not folklore.""","HuffPost, 1/16/14",https://www.huffingtonpost.com/2014/01/16/house-science-schweikert-_n_4613145.html,"$102,815"
Arizona,az,Representative,Republican,Paul Gosar,TRUE,FALSE,"Rep. Gosar tweeted, ""The Paris Climate Agreement won't change the climate but it will bankrupt the US. Also, it's unconstitutional."" Additionally, in a press release that accompanied the tweet, he maintained: “President Trump ran his campaign on the idea of putting America’s interests first. He can fulfill that pledge in a big way by using his authority to completely withdraw the United States from the misguided Paris Climate Agreement. This unconstitutional treaty is nothing more than an extension of the Obama Administration’s ideological war on affordable energy. This liberal pipedream abdicates our sovereignty in favor of a global redistribution of wealth. Furthermore, this scheme was designed to favor our economic rivals like China and India by giving them until 2030 to reduce emissions while the United States front-loaded our costs at the expense of American jobs.""","Twitter, 4/18/17",https://twitter.com/RepGosar/status/854409324390748161,"$89,300"
Arkansas,ar,Representative,Republican,Bruce Westerman,TRUE,FALSE,"In a 2017 hearing, Rep. Westerman said: “I assume if climate’s changing, it’s changing in Arkansas, as well as other places. So I did a little research and found out the number of forest fires in Arkansas has actually decreased over the past 20 years. It’s either held level or slightly decreased as our management has continued to increase. So apparently the climate change isn’t affecting forest fires in my state. You would think even though it’s a more moderate or temperate climate, if climate change was causing more fires we would see a lot more of them than what’s in the baseline.”","Office of Rep. Bruce Westerman, 6/8/17",https://westerman.house.gov/media-center/videos/bruce-westerman-questions-wildfire-prevention-house-subcommittee-federal-lands,"$172,050"
Arkansas,ar,Representative,Republican,Rick Crawford,TRUE,FALSE,"While speaking to radio station KASU 91.9 FM, Rep. Crawford fielded a question regarding climate change and then-President Barack Obama’s environmental agenda: “There’s not sound science to support some of the initiatives that the President, I think, is committed to. We know that some of the research was faulty and it drove a lot of the agenda for a long time. And then it turned out there were some questions about the validity of that research.” He continued, “I don’t see a lot of the green initiatives that are being talked about being supported by scientific data, but more supported by political agendas.”","Talk Business & Politics, 1/27/13",http://talkbusiness.net/2013/01/cong-crawford-wants-permanent-spending-controls/,"$88,022"
Arkansas,ar,Representative,Republican,Steve Womack,TRUE,FALSE,"The Times Record reported that Rep. Womack said, “The climate changes — it has throughout history. The real debate is who or what is causing it?”","The Times Record, 10/28/18",http://www.swtimes.com/news/20181028/is-global-climate-change-man-made-or-not-arkansas-3rd-district-congressional-candidates-respond,"$114,869"
California,ca,Representative,Republican,Devin Nunes,TRUE,FALSE,"E&E News reported that in a recent podcast, Rep. Nunes said, ""When I was a kid, we were having global cooling, and we were going to go into another ice age, and now we've switched it to now the Earth is warming.""","E&E News, 9/11/18",https://www.eenews.net/stories/1060096459,"$460,700"
California,ca,Representative,Republican,Doug LaMalfa,TRUE,FALSE,"The Guardian reported: ""At a public meeting not far from the California town of Redding last year, the US congressman Doug LaMalfa said that he 'didn’t buy' human-made climate change. 'I think there’s a lot of bad science behind what people are calling global warming,' he said on another occasion.""","The Guardian, 8/1/18",https://www.theguardian.com/environment/2018/jul/31/california-wildfire-climate-change-carr-fire,"$103,230"
California,ca,Representative,Republican,Duncan D Hunter,TRUE,FALSE,"Times of San Diego reported that Rep. Hunter said, “There is climate change. Is there human-caused climate change? I don’t buy that.”","Times of San Diego, 9/26/14",http://timesofsandiego.com/politics/2014/09/26/hunter-kimber-spar-50th-district-debate/,"$77,350"
California,ca,Representative,Republican,Ken Calvert,TRUE,FALSE,"Rep. Calvert co-sponsored H.R. 954, a resolution that stated: “Whereas recent events have uncovered extensive evidence from the Climate Research Unit at the University of East Anglia in England (in this resolution referred to as the ‘CRU’) which involved many researchers across the globe discussing the destruction, altering, and hiding of data that did not support global warming claims.”","H.R. 954, 12/8/09",https://www.govinfo.gov/content/pkg/BILLS-111hres954ih/pdf/BILLS-111hres954ih.pdf,"$387,124"
California,ca,Representative,Republican,Kevin McCarthy,TRUE,FALSE,"According to InsideClimate News, ""When asked specifically about whether human activities are driving climate change, McCarthy told The Wall Street Journal, 'I think there are changes in the environment. There are a lot of items to contribute to it.'""","InsideClimate News, 10/1/15",https://insideclimatenews.org/news/30092015/john-boehner-house-speaker-kevin-mccarthy-climate-change,"$1,549,100"
California,ca,Representative,Republican,Tom McClintock,TRUE,FALSE,"Time reported: ""'The climate has been changing for four and a half billion years,' McClintock said in a Sept. 23 [2018] debate with his Democratic opponent. 'The extent to which human activity has a role to play is being hotly debated right now.' He offered a similarly inaccurate statement during an Oct. 8 debate hosted by KQED. 'There’s no question that global temperatures have been warming on and off since the last ice age,' he said. 'The question is what are we going to do about them.'""","Time, 10/15/18",http://time.com/5413384/california-wildfires-climate-change/,"$213,100"
Colorado,co,Representative,Republican,Doug Lamborn,TRUE,FALSE,"On Twitter, Rep. Lamborn wrote, ""#SOTU if climate change is such a settled issue, why does a recent @pewresearch poll show that only 30% of Americans are 'very concerned'?""","Twitter, 1/12/16",https://twitter.com/RepDLamborn/status/687101063107710977,"$365,438"
Colorado,co,Representative,Republican,Ken Buck,TRUE,FALSE,The New York Times reported that Rep. Buck recently called one military proposal part of a “radical climate change agenda.”,"The New York Times, 9/3/16",https://www.nytimes.com/2016/09/04/science/flooding-of-coast-caused-by-global-warming-has-already-begun.html?_r=0,"$488,122"
Colorado,co,Representative,Republican,Scott Tipton,TRUE,FALSE,"When asked whether he thinks that humans play a role in climate change, Rep. Tipton responded: ""I think that we've got a role to play. We need to take an advantage of new technology ... We're all in concert in terms of making sure that it's done right, and the role that we as humans have to play is making sure that we are good stewards.""","Aspen Public Radio, 4/2/17",https://www.aspenpublicradio.org/post/tipton-talks-climate-public-lands,"$615,213"
Florida,fl,Representative,Republican,Bill Posey,TRUE,FALSE,"The Washington Post reported that in a hearing on the social cost of carbon, Rep. Posey instead questioned the basic existence of climate change, asking, ""Can anyone on the panel give me a date certain, even a year certain, that there was absolutely no climate change on this planet since the forming of it?”","The Washington Post, 2/28/17",https://www.washingtonpost.com/news/energy-environment/wp/2017/02/28/members-of-congress-met-to-discuss-the-costs-of-climate-change-they-ended-up-debating-its-existence/?utm_term=.1bc0b5bc76aa,"$50,400"
Florida,fl,Representative,Republican,Daniel Webster,TRUE,FALSE,"Gizmodo reported that during a 2017 hearing on climate change, Rep. Webster used ""the natural causes of the last ice age as 'proof' that humans aren’t responsible for warming.""","Gizmodo, 3/29/17",https://gizmodo.com/todays-congressional-hearing-on-climate-change-was-a-co-1793787320,"$62,050"
Florida,fl,Representative,Republican,John Rutherford,TRUE,FALSE,"E&E News reported that Rep. Rutherford said, ""Climate was changing before we had carbon emissions ... I need to be convinced how much of that is man and how much of it is just the global climate conditions.""","E&E News, 11/17/16",http://www.eenews.net/special_reports/new_members_2017/stories/1060045897/print,"$1,000"
Florida,fl,Representative,Republican,Mario Diaz-Balart,TRUE,FALSE,"In 2017, E&E News reported: ""'It's more of a religion ... on both sides of the issue,' Mario Diaz-Balart said when asked about global warming. Past climate legislation would have been hugely costly to businesses and people in his district, he said, with only a minuscule impact on halting temperature rise. 'I don't play that game,' he said. 'My issue is, ""All right, what is the problem that you're trying to solve?"" and ""Does it solve it?""'""","E&E News, 5/15/17",https://www.eenews.net/stories/1060054524/print,"$118,250"
Florida,fl,Representative,Republican,Neal Dunn,TRUE,FALSE,"The News Herald reported that Rep. Dunn said, ""I am sure human activity plays some role, but I don't think the science is clear on how much is man-made and how much is natural.""","The News Herald, 4/16/16",http://www.newsherald.com/news/20160416/local-political-figures-cautious-about-sea-level-rise,$500
Florida,fl,Representative,Republican,Ross Spano,TRUE,FALSE,"When the Florida Conference of Catholic Bishops asked Rep. Spano whether he would establish ""a national Climate Solutions Commission to develop policies that are economically viable, protect the environment, and mitigate the effects of climate change,"" Spano said he opposed. Rep. Spano's office did not respond to a request for comment from CAP Action.","Florida Conference of Catholic Bishops, 7/18",https://flaccb.org/documents/2018/7/Spano_Ross.pdf,"$6,000"
Florida,fl,Representative,Republican,Ted Yoho,TRUE,FALSE,"According to the Gainesville Sun, in a town hall meeting in 2017, ""Yoho also told the crowd he didn’t believe humans were the main cause of climate change.""","Gainesville Sun, 4/10/17",https://www.gainesville.com/news/20170410/rep-yoho-faces-rowdy-crowd-at-gainesville-town-hall,"$23,150"
Georgia,ga,Representative,Republican,Austin Scott,TRUE,FALSE,"During a town hall meeting covered by NPR, Rep. Scott responded ""Absolutely"" to the question: ""Do you dispute the U.S. military, NOAA, the Weather Channel as well as 95 percent-plus of climate scientists, in their conclusion that climate change is pushed by human activity?""","NPR, 9/5/13",http://www.npr.org/2013/09/05/219177442/rep-scott-tired-of-the-u-s-getting-involved-in-others-disputes,"$40,737"
Georgia,ga,Representative,Republican,Barry Loudermilk,TRUE,FALSE,"In a 2017 press release, Rep. Loudermilk said: ""For several years, the EPA and other government bureaucracies have been pushing out environmental regulations based on new scientific ‘discoveries’ relating to climate change. However, the data on which these ‘discoveries’ are based have not been made available to the general scientific community for review or fact-checking. This has brought into question the overall motives of the EPA and other agencies who are demanding more environmental regulations. All regulatory decisions should be based on factual scientific information that is open and available for public viewing.""","Office of Rep. Barry Loudermilk, 3/29/17",https://loudermilk.house.gov/news/documentsingle.aspx?DocumentID=1052,"$49,250"
Georgia,ga,Representative,Republican,Buddy Carter,TRUE,FALSE,"The Savannah Morning News reported that Rep. Carter said: ""You know of all the things we can do in the world we still can't control the weather ... And I've never bought into the climate change. I'm not naive enough to believe that we don't have some impact on it, but to think that we have enough of an impact to really change what is happening naturally, I'm not one of those who has really bought into that.""","Savannah Morning News, 2/15/16",https://www.savannahnow.com/news/2016-02-15/buddy-carter-unmoved-anti-drilling-stances?fb_comment_id=967396259975663_967569243291698,"$100,650"
Georgia,ga,Representative,Republican,Doug Collins,TRUE,FALSE,"When asked by Vote Smart if he believes human activity is contributing to climate change, Rep. Collins answered “no.”","Vote Smart, last accessed 1/19",http://votesmart.org/candidate/political-courage-test/67851/doug-collins/,"$86,050"
Georgia,ga,Representative,Republican,Jody Hice,TRUE,FALSE,"According to The Atlanta Journal-Constitution, Rep. Hice said in a prepared statement: ""It is a shame that because a scientist has reached a different conclusion on climate science than the liberal elite that the integrity of her research would be called into question.""","The Atlanta Journal-Constitution, 2/28/15",https://www.ajc.com/news/state--regional-govt--politics/democrat-investigates-tech-professor-who-bucks-climate-trend/UG3s6ZxXnCt79D9H9uZL6I/,"$24,500"
Georgia,ga,Representative,Republican,Rick Allen,TRUE,FALSE,"In response to an Atlanta Journal-Constitution question, Rep. Allen “vehemently rejected the idea that warming is an established fact,” asserting in an email that the “science is definitely NOT settled.”","The Atlanta Journal-Constitution, 12/31/14",http://www.myajc.com/news/news/state-regional-govt-politics/ga-politicians-cool-to-global-warming/njdR3/,"$58,050"
Idaho,id,Representative,Republican,Mike Simpson,TRUE,FALSE,"In a statement on his website on his position on climate change, Rep. Simpson writes: ""While scientists cannot explain the climate changes of the past few decades without including the effects of elevated greenhouse gas (GHG) concentrations resulting from the use of fossil fuels, there is widespread disagreement as to the magnitude of human influence on the climate and the degree to which any effort by humanity to reduce carbon output would slow or reverse the effects of climate change.""","Office of Rep. Mike Simpson, last accessed 1/19",https://simpson.house.gov/issuestatements/climatechange.htm,"$380,250"
Idaho,id,Representative,Republican,Russ Fulcher,TRUE,FALSE,"The Spokesman-Review reported: ""Asked about climate change, Fulcher said he believes 'in the cycle that’s happened since the beginning of time,' and said wildfires in Idaho and other states are a significant contributor of carbon emissions. 'Don’t be misled – if you take a look at this over the past thousand years, you’ll see a cycle up, a cycle down,' he said.""","The Spokesman-Review, 10/30/18",http://www.spokesman.com/stories/2018/oct/29/medicaid-immigration-climate-top-idaho-1st-distric/,"$20,000"
Illinois,il,Representative,Republican,Darin LaHood,TRUE,FALSE,"The State Journal-Register reported that Rep. LaHood said, “The climate is changing and I believe humans play a role in that. There is no doubt about that. The question is, at whatever do they play a role? Is it 51 percent? Is it 35 percent? I am open minded to listen to people who can give me a different view on that.""","The State Journal-Register, 4/22/17",http://www.sj-r.com/news/20170422/what-us-rep-darin-lahood-said-at-his-town-hall,"$126,600"
Illinois,il,Representative,Republican,John Shimkus,TRUE,FALSE,"Politico reported that Rep. Shimkus said, ""And I do believe that God said the Earth would not be destroyed by a flood. Now, do I believe in climate change? In my trip to Greenland, the answer is yes. The climate is changing … The question is more about the costs and benefits and trying to spend taxpayer dollars on something that you cannot stop versus the changes that have been occurring forever. That's the real debate.""","Politico, 11/10/10",http://www.politico.com/story/2010/11/shimkus-cites-genesis-on-climate-044958,"$1,073,345"
Illinois,il,Representative,Republican,Mike Bost,TRUE,FALSE,"In a 2014 interview with St. Louis Public Radio, Rep. Bost disagreed with his opponent, former Rep. Bill Enyart (D), over whether climate change is real: “I don’t. I don’t know that I do; no ... Some scientists do; some scientists don’t [believe in climate change].""","St. Louis Public Radio, 10/16/14",http://news.stlpublicradio.org/post/illinois-12th-district-contenders-highlight-differences,"$186,505"
Illinois,il,Representative,Republican,Rodney Davis,TRUE,FALSE,"In response to a question on whether Rep. Davis believes that climate change is caused by man, a spokesman for the congressman told FactCheck.org, “It is one of the contributing factors, yes, but to what extent is open to debate and further research.” Rep. Davis' office did not respond to a request for comment from CAP Action.","FactCheck.org, 8/16/13",http://www.factcheck.org/2013/08/environmentalists-misuse-gop-quote/,"$343,905"
Indiana,in,Representative,Republican,Jim Banks,TRUE,FALSE,"The Journal Gazette reported that ""Banks also is uncertain whether climate change is happening and, if it is, whether human activities are a contributing factor. 'I believe there is some evidence and some scientific research that might support that, and other research that doesn’t.'""","The Journal Gazette, 3/11/17",http://www.journalgazette.net/news/local/indiana/Banks-unsure-of-climate-change-18039245,"$43,035"
Indiana,in,Representative,Republican,Larry Bucshon,TRUE,FALSE,"ThinkProgress reported that at a hearing of the House Science, Space, and Technology committee, Rep. Bucshon said: “Over the last few years, we’ve gone from global warming to climate change since the temperature hasn’t changed in many, many years. The temperature or the earth has been changing for centuries. I fully believe that the temperature is changing. But of course now supporters of this new regulation are saying ‘Well, it’s changing now at an unusual pace compared to the past, because now the American public is getting it that the temperature of the earth has been changing for centuries.'”","ThinkProgress, 9/17/14",https://thinkprogress.org/congressman-dont-trust-climate-scientists-they-re-in-it-for-the-money-4280ba3bf981/,"$241,600"
Iowa,ia,Representative,Republican,Steve King,TRUE,FALSE,"On Twitter in 2015, Rep. King wrote, ""If Climate Change were 'settled science' and a 'fact based on data & sound science' protagonists would still be calling it Global Warming.""","Twitter, 3/21/15",https://twitter.com/SteveKingIA/status/579311590933057536,"$89,850"
Kansas,ks,Representative,Republican,Roger Marshall,TRUE,FALSE,"As reported by KSNW, Rep. Marshall said, ""I'm not sure that there is even climate change … I think it's something that we should continue to study and make sure our ecology continues to improve.""","KSNW, 6/5/17",https://www.ksn.com/news/marshall-isnt-convinced-of-climate-change/898602113,"$42,482"
Kentucky,ky,Representative,Republican,James Comer,TRUE,FALSE,"WFPL reported that Rep. Comer said: “I do not believe in global warming. I’m the one person whose business and livelihood depends on Mother Nature, so I understand weather patterns ... We’ve had a very severe winter this year with 12-inch snows, so there is no global warming.”","WFPL 89.3, 3/11/15",http://wfpl.org/a-look-at-kentucky-gubernatorial-candidate-comers-climate-change-remarks-and-agriculture/,"$41,701"
Kentucky,ky,Representative,Republican,Thomas Massie,TRUE,FALSE,"The Louisville Eccentric Observer reported that Rep. Massie said, ""Climate change may not be due to humans … What is the cause and effect?""","Louisville Eccentric Observer, 4/18/18",https://www.leoweekly.com/2018/04/conservative-environmentalist-kentucky-congressman-finds-freedom-sustainability/,"$103,251"
Louisiana,la,Representative,Republican,Steve Scalise,TRUE,FALSE,MSNBC reported that Rep. Scalise once said of former President Obama: ”I know the president loves talking about global warming – and they’re canceling flights all around the country due to snow blizzards.” Scalise's office did not respond to a request for additional comment from CAP Action.,"MSNBC, 2/26/15",http://www.msnbc.com/rachel-maddow-show/scalise-epa-chief-snow-blizzards-contradict-climate-science,"$1,214,129"
Maryland,md,Representative,Republican,Andrew Harris,TRUE,FALSE,"According to The Baltimore Sun, in a letter exchange with a constituent, who wrote to Rep. Harris asking if he was concerned about the recent Intergovernmental Panel on Climate Change (IPCC) report from the United Nations, Harris responded that ""he was ... but added that 'there are many different projections for the pace of climate change' and 'differing analysis for the degree of causality assigned to types of emissions.'""","The Baltimore Sun, 10/19/18",https://www.baltimoresun.com/news/maryland/dan-rodricks-blog/bs-md-rodricks-column-1021-story.html,"$189,860"
Michigan,mi,Representative,Republican,Bill Huizenga,TRUE,FALSE,"A columnist at The Holland Sentinel wrote that she ""recently received a letter from U.S. Rep. Bill Huizenga, R-Zeeland, which questioned 'the extent to which reducing American emissions would impact climate change.'"" Previously, MLive quoted Huizenga as saying: “Today’s global warming doomsayers simply lack the scientific evidence to support their claims. A host of leaders in the scientific community have recognized that the argument for drastic anthropogenic global warming is no longer based on science, but is being driven by irrational fanaticism.”","The Holland Sentinel, 3/4/17; MLive, 5/23/12",http://www.hollandsentinel.com/news/20170304/my-take-ignoring-evidence-of-climate-change; https://www.mlive.com/opinion/muskegon/index.ssf/2012/05/letters_huizenga_on_climate_ch.html,"$86,050"
Michigan,mi,Representative,Republican,Fred Upton,TRUE,FALSE,"MLive reported that Rep. Upton said: “We’ve experienced climate change for a long time, highs and lows. We had the coldest winter ever last winter. There was a report out that the Great Lakes are six degrees below what they were a year ago. I don’t know that climate scientists can really predict where we’re headed.” Upton has since joined the Climate Solutions Caucus but has not clarified his beliefs on the science. Rep. Upton's office did not respond to a request for comment from CAP Action.","MLive, 10/17/14; Office of Rep. Fred Upton, 1/26/18",http://www.mlive.com/news/kalamazoo/index.ssf/2014/10/mayday_pac_ad_funders_against.html; https://upton.house.gov/news/documentsingle.aspx?DocumentID=398961,"$1,191,233"
Michigan,mi,Representative,Republican,John Moolenaar,TRUE,FALSE,"At a town hall, Rep. Moolenaar said in response to an audience member's question about his beliefs on climate change: ""I think it's important that you know, I believe in sound science, in good science. I believe the federal government has an important role in funding good science. I also have seen how, sometimes, agencies like the EPA get off track in their mission and pursue ... I believe science, science moves forward ... when people challenge a theory.""","Yale Climate Connections, 5/10/17",https://www.yaleclimateconnections.org/2017/05/climate-concerns-raised-at-many-town-halls/,"$31,750"
Michigan,mi,Representative,Republican,Justin Amash,TRUE,FALSE,"WGVU reported that Rep. Amash said, “I think humans do, and can impact the climate. The question then is to what extent and what do we do about it?”","WGVU, 6/4/17",http://www.wgvunews.org/post/us-rep-amash-talks-trump-withdrawal-paris-climate-change-accord,"$50,200"
Michigan,mi,Representative,Republican,Tim Walberg,TRUE,FALSE,"Time reported that at a town hall in Coldwater, Michigan, Rep. Walberg said: ""I believe there’s climate change. I believe there’s been climate change since the beginning of time. Do I think man has some impact? Yeah, of course. Can man change the entire universe? No ... Why do I believe that? Well, as a Christian, I believe that there is a creator in God who is much bigger than us. And I’m confident that, if there’s a real problem, he can take care of it.”","Time, 5/31/17",http://time.com/4800000/tim-walberg-god-climate-change/,"$303,620"
Minnesota,mn,Representative,Republican,Jim Hagedorn,TRUE,FALSE,"Rep. Hagedorn said on Minnesota Public Radio, ""The earth has been heating and cooling since God's creation.""","MPR News, 9/27/18",https://www.mprnews.org/story/2018/09/27/minnesota-midterm-climate-voter-guide,"$23,700"
Minnesota,mn,Representative,Republican,Pete Stauber,TRUE,FALSE,"E&E News reported, ""Newly elected Republicans Pete Stauber and Jim Hagedorn have raised questions about the role of anthropogenic emissions in climate change, but both say they support 'all of the above' energy policies, including more renewable energy."" Rep. Stauber's office did not respond to a request for comment from CAP Action.","E&E News, 11/14/18",https://www.eenews.net/climatewire/stories/1060106145/search?keyword=pete+stauber,"$31,500"
Minnesota,mn,Representative,Republican,Tom Emmer,TRUE,FALSE,"Alpha News reported that in response to President Trump rolling back the Clean Power Plan, Rep. Emmer said, “President Trump has rolled back the Obama Administration’s most harmful environmental regulations—including the Clean Power Plan, which has cost many American jobs and has driven up energy costs for American families.” Previously, while on the floor of the Minnesota House of Representatives, Emmer gave a speech in which he stated, ""Just because we make these chambers available to Will Steger and the crowd that wants to rely on Al Gore's climate porn doesn't mean that that's the way it is. There is another side of the story.""","Alpha News, 3/30/17; YouTube, 5/11/07",https://alphanewsmn.com/mn-politicians-react-trumps-climate-change-executive-order/; https://www.youtube.com/watch?v=kx9y_jc0sN4,"$76,350"
Missouri,mo,Representative,Republican,Ann Wagner,TRUE,FALSE,The Riverfront Times reported that Rep. Wagner wrote in an email: “The field of climate science is in its relative infancy and it appears that some within the public policy world have made dubious assessments of scientific information in order to further their own political agenda. Our policy response to this dilemma should not be based on inconsistent and unsound science or driven by the fear of a supposed catastrophe.”,"Riverfront Times, 5/29/13",http://www.riverfronttimes.com/newsblog/2013/05/29/is-congresswoman-ann-wagner-a-climate-change-denier-warns-of-unsound-science,"$304,800"
Missouri,mo,Representative,Republican,Blaine Luetkemeyer,TRUE,FALSE,"On his website, Rep. Luetkemeyer says: “For far too long, American tax dollars have been sent to the United Nations to produce controversial science and feel-good conferences ... I hope my legislation makes it to the floor quickly to ensure that no future taxpayer dollars are spent to advance the United Nations’ global warming agenda.”","Office of Rep. Blaine Luetkemeyer, 1/14/15",http://luetkemeyer.house.gov/news/documentsingle.aspx?DocumentID=398520,"$55,250"
Missouri,mo,Representative,Republican,Jason Smith,TRUE,FALSE,"According to Earth Forums, ""Jason Smith currently represents this district with a view that the effects of climate change are 'uncertain,' so no action should be taken.""","Earth Forums, last accessed 1/19",https://www.earthforums.com/forums/forum/environment/congress-on-climate-change/missouri/,"$112,350"
Missouri,mo,Representative,Republican,Vicky Hartzler,TRUE,FALSE,"During a cold snap in 2014, The Washington Post reported that Rep. Hartzler tweeted ironically, ""Global warming strikes America! Brrrr!""","The Washington Post, 11/18/14",https://www.washingtonpost.com/news/the-fix/wp/2014/11/18/congresswoman-vicky-hartzler-wonders-why-its-so-cold-if-global-warming-exists-heres-the-answer/?utm_term=.12e64ee4d064,"$104,400"
Nebraska,ne,Representative,Republican,Adrian Smith,TRUE,FALSE,"In a 2009 House floor speech declaring his concerns about cap-and-trade legislation, Rep. Smith said, ""We are seeing serious doubts on the validity of the [climate] science of which is driving this flawed policy.""","YouTube, 12/8/09",https://www.youtube.com/watch?v=scJX7MWuTos,"$105,900"
Nebraska,ne,Representative,Republican,Don Bacon,TRUE,FALSE,"Rep. Bacon recently wrote on Twitter, ""In regards to climate change, there is no doubt temperatures are changing. We need to further study how much humans are responsible as opposed to natural causes, and from there take measures to protect our earth for future generations.""","Twitter, 4/28/18",https://twitter.com/RepDonBacon/status/990238541509791745,"$95,523"
Nevada,nv,Representative,Republican,Mark Amodei,TRUE,FALSE,"Rep. Amodei states on his website's ""Environment"" page: ""I do not believe it is appropriate for the federal government to advocate one position over another in discussions of climate change. I do think that we should promote unbiased scientific research funded by both the government and the private sector to help answer climate change questions and bring effective solutions to any human causes.""","Office of Rep. Mark Amodei, last accessed 1/19",https://amodei.house.gov/environment/,"$79,000"
North Carolina,nc,Representative,Republican,David Rouzer,TRUE,FALSE,"According to WECT, Rep. Rouzer said: ""You have some scientists saying it is significantly influenced by mankind. You have some scientists say it is not influenced by mankind. Both are statements of fact ... From a public policy perspective, when you're dealing with property values, tax bases, people's lives, public policy should be based on sound science. Not the opinion of this group of scientists or that group of scientists. It needs to be real concrete science where you absolutely know for certain. The scientific community is split on climate science.""","WECT, 3/1/17",http://www.wect.com/story/34630856/rowdy-crowd-confronts-congressman-rouzer-in-brunswick-county,"$117,990"
North Carolina,nc,Representative,Republican,Mark Harris,TRUE,FALSE,"The Charlotte Observer reported: ""Harris is an evangelical Christian who believes in a 'Young Earth' theory that the world was created less than 10,000 years ago. He disputes the findings of a majority of scientists who say the world is at least 4.5 billion years old. 'I think there’s a lot of issues with the dating,' Harris said this week. 'And there are also bodies of scientists that also hold to a Young Earth theory. Do I believe in creation? Yes. And the creative hand of God? I do. That’s part of my faith and that’s what I believe. . . . I will continue to base my faith on the belief in Genesis.' Harris says he values science and believes the answer to issues such as climate change is 'just to be good stewards of the earth.'""","The Charlotte Observer, 8/17/18",https://www.charlotteobserver.com/news/politics-government/election/article216590750.html,"$6,500"
North Carolina,nc,Representative,Republican,Mark Meadows,TRUE,FALSE,"Right Wing Watch reported, ""Meadows, for his part, mocked government officials who are concerned about climate change’s implications for national security: 'How ridiculous is that when you have our fighting men and women, they get up and they say, ""man it’s a little chilly, maybe today is the day that we’ve got to worry about climate change."" It’s just ridiculous.'”","Right Wing Watch, 9/26/14",http://www.rightwingwatch.org/post/values-voter-summit-common-core-not-climate-change-threatens-security/,"$74,375"
North Carolina,nc,Representative,Republican,Mark Walker,TRUE,FALSE,"HuffPost reported on a 2017 town hall with Rep. Walker, writing, ""he doesn’t doubt the climate is shifting, but that he is unsure 'how much of it is man-made,' and that acting to curb the causes might be too burdensome.""","HuffPost, 5/30/17",https://www.huffingtonpost.com/entry/mark-walker-climate-change-denier_us_592d9dece4b0df57cbfda9db,"$39,000"
North Carolina,nc,Representative,Republican,Patrick McHenry,TRUE,FALSE,"As reported by the Asheville Citizen-Times, ""McHenry said he is leaving the debate over the existence or cause of global warming to scientists, but has backed the renewable energy industry.""","Asheville Citizen-Times, 8/9/16",http://www.citizen-times.com/story/news/local/2016/08/09/residents-challenge-mchenry-trump-guns-climate/88487362/,"$231,750"
North Carolina,nc,Representative,Republican,Richard Hudson,TRUE,FALSE,"In a 2015 op-ed for the Independent Tribune, Rep. Hudson wrote: ""Despite these glaring problems that beg for American leadership and must be addressed, President Barack Obama thinks our biggest challenge is the weather. He and his administration have repeatedly listed climate change as the biggest threat to future generations.""","Independent Tribune, 12/8/15",https://www.independenttribune.com/opinion/threats-bigger-than-climate-change/article_8347f316-9db5-11e5-b500-5fa86c647e86.html,"$286,050"
North Carolina,nc,Representative,Republican,Ted Budd,TRUE,FALSE,"Rep. Budd told the News & Record that ""he does not see 'clear evidence' that man contributes to climate change.""","News & Record, 10/21/16",http://www.greensboro.com/opinion/n_and_r_editorials/our-opinion-bruce-davis-in-th/article_10b7bd90-7eb7-52cb-b302-5a699277a59d.html,"$32,400"
North Carolina,nc,Representative,Republican,Virginia Foxx,TRUE,FALSE,"According to the Center for Public Integrity: “North Carolina Republican Virginia Foxx referenced books by climate-change skeptics and lamented that some environmentalists ‘think that we, human beings, have more impact on the climate and the world than God does.'”","Center for Public Integrity, 4/6/11",http://www.publicintegrity.org/2011/04/06/3956/climate-facts-and-fancy,"$172,800"
North Carolina,nc,Representative,Republican,Walter Jones Jr.,TRUE,FALSE,"A spokesperson for Rep. Jones told McClatchy that the congressman “is skeptical of the theory of man-made climate change.""","McClatchy, 11/25/16",https://www.mcclatchydc.com/news/nation-world/national/article116945728.html,"$94,408"
Ohio,oh,Representative,Republican,Bill Johnson,TRUE,FALSE,"On his Facebook page, Rep. Johnson posted an article entitled ""MSNBC's Chuck Todd Keeps 'Climate Deniers' Off His Hourlong Global Warming Special,"" then wrote the following post in response: ""The issue here isn't so-called 'climate change,' but what happens the next time there is an issue Chuck Todd or other members of the media don't want to debate? Today, it's this, but tomorrow it could be the 2nd Amendment or immigration. Not giving the other side a say and refusing to hear opinions contrary to your own - that's being a real 'denier', and, it creates a chilling effect on public debate and free speech.""","Facebook, 1/6/19",https://www.facebook.com/billjohnsonleads/posts/10156816220541390?__xts__[0]=68.ARBEaJqBQDvB93GjmCySeuHfoVW3zwQGJCz1pVIJOmaS04ieGEriepfRdreDjc5cK7-KnQsbouxPt0NNGQAxD-75kRc0s2PqPL8-S9Ye8B3oZMLMjI_k9Hg3LZg8gO_hbIG-26lU8gC7LcnXY1fas3UCkEMjFgrgBkzaFOoe9WdnOsHarBRTwLjXDOx2HRXwvdU2vGAp1DnhaTbSddSqmZL6RJwY1DV16h3pfeoXjTVN34Dc2a-3rE3gCCq4oMVHjZoT1EQNg-7hTeadc6qB_W-LHxsXAWe9qA2cGVdoIIpPhCaOsflsFGfb87Cn0sWiIyxLCRJwzKETVsdK58Ru&__tn__=-R,"$775,423"
Ohio,oh,Representative,Republican,Bob Gibbs,TRUE,FALSE,"As reported by The Kenyon Collegian, during a public meeting, Rep. Gibbs told a group of residents ""that he did not believe there is a scientific consensus on whether or not humans affect the climate, which caused an uproar among the attendees.""","The Kenyon Collegian, 2/9/17",http://kenyoncollegian.com/2017/02/09/state-rep-hosts-meeting-on-aca-climate/,"$437,909"
Ohio,oh,Representative,Republican,Steve Chabot,TRUE,FALSE,"The Cincinnati Enquirer reported that Rep. Chabot said in a statement: “Despite claims to the contrary, the evidence concerning man-made climate change is far from conclusive ... However, what is conclusive is the damage some of the more extreme proposals intended to address climate change, like cap-and-trade, will have on our economy.”","The Cincinnati Enquirer, 10/11/14",http://www.cincinnati.com/story/news/politics/2014/10/11/climate-can-debate-forever/17137787/,"$263,975"
Ohio,oh,Representative,Republican,Steve Stivers,TRUE,FALSE,"In a 2018 interview with News Journal, Stivers said, ""It is clear the climate is changing to me."" However, later on, he said: ""We need to figure out how to create negative-emissions technology that can be used to essentially clean like a vacuum cleaner cleans this floor. Negative-emissions technology would take emissions and change them and put more oxygen and less carbon dioxide in the air ... It's called global warming, not America warming.""","News Journal, 11/1/18",https://www.wnewsj.com/news/88304/u-s-rep-steve-stivers-clear-that-climate-is-changing,"$496,974"
Ohio,oh,Representative,Republican,Warren Davidson,TRUE,FALSE,"According to the Journal-News, Rep. Davidson said that the “real science [behind climate change is] in dispute.”","Journal-News, 4/20/17",https://www.journal-news.com/news/davidson-isis-more-threat-than-climate-change/gSD89FAxoXGtDUu20ThJAK/,"$14,361"
Oklahoma,ok,Representative,Republican,Kevin Hern,TRUE,FALSE,"In January 2019, The New York Times reported, “Mr. Hern, the aerospace engineer elected in Oklahoma, has questioned whether human activity is the primary cause of climate change.” When CAP Action requested comment, Rep. Hern's office provided the New York Times article and did not respond to further requests for clarification.","The New York Times, 1/13/19",https://www.nytimes.com/2019/01/13/us/politics/scientists-congress.html,"$91,661"
Oklahoma,ok,Representative,Republican,Frank Lucas,TRUE,FALSE,"As reported by HuffPost, during a House floor speech, Rep. Lucas said, “Most telling of the EPA’s irrational regulatory approach is how the EPA has concluded that the breath that we exhale, the gas that livestock expels, are dangerous pollutants and should be regulated by the Clean Air Act.”","HuffPost, 6/26/14",http://www.huffingtonpost.com/2014/06/26/house-science-committee-c_n_5533992.html,"$704,025"
Oklahoma,ok,Representative,Republican,Markwayne Mullin,TRUE,FALSE,"In an interview with ThinkProgress, Rep. Mullin said, “I haven’t seen the reports that would get me to believe that anything’s different [with regards to climate change] than the patterns that we had, that we’ve gone through the time of records.”","YouTube, 8/8/13",https://www.youtube.com/watch?v=c1FfLiWybmI,"$640,400"
Pennsylvania,pa,Representative,Republican,Glenn Thompson,TRUE,FALSE,"As reported by the Centre Daily Times, at an August 2017 Town Hall, Rep. Thompson responded to a constituent's question about humans' role in climate change by saying, ""I think humans contribute. The amount that it contributes versus, compared to the natural evolving climate changes and perhaps are based on sunspot activity.”","Centre Daily Times, 8/10/17",https://www.centredaily.com/news/local/article166631612.html,"$471,918"
Pennsylvania,pa,Representative,Republican,John Joyce,TRUE,FALSE,"In response to a question from Public Opinion, Rep. Joyce wrote: ""Like most issues that scientists face, global warming cannot be explained by one cause alone. Variations in solar energy, the cyclical changes in the tilt, the orbit of the earth around the sun, the changing oceanic circulation, as well as human effects, can ALL contribute to this problem. A simple one answer solution is not obvious. Just as all cancers cannot be assumed to be caused by one agent, Global warming is a multi-factorial problem that will require evaluation from many angles to solve.""","Public Opinion, 10/18/18",https://www.publicopiniononline.com/story/news/2018/10/18/pennsylvania-midterms-look-inside-13-th-congressional-district-race/1616336002/,"$10,500"
Pennsylvania,pa,Representative,Republican,Scott Perry,TRUE,FALSE,"In an article about candidates' views on climate change, PennLive wrote: ""'The climate's changing, without a doubt. I think we contribute to it. I don't know exactly how, and that becomes the rub,' Perry said. He went on to cite research that suggest global surface temperature data often used to corroborate climate change over time has been 'adjusted' to make the planet appear cooler in the past.""","PennLive, 10/25/18",https://www.pennlive.com/politics/index.ssf/2018/10/where_they_stand_a_look_at_the.html,"$128,450"
South Carolina,sc,Representative,Republican,Jeff Duncan,TRUE,FALSE,"In response to the October 2018 International Governmental Panel on Climate Change (IPCC) report, Rep. Duncan said: “The climate alarmists continue to move the goalposts when their politically motivated projections do not come true. What was predicted decades ago has yet to take place. We all know that global temperatures have changed throughout the generations, but we must not look to activist climate organizations to push a false agenda in an effort to upend parts of our economy.""","Index-Journal, 10/12/18",http://www.indexjournal.com/news/major-climate-change-report-met-with-silence-by-sc-gop/article_39e22255-80e0-5338-9191-af1a8abef10a.html,"$228,750"
South Carolina,sc,Representative,Republican,Joe Wilson,TRUE,FALSE,"Rep. Wilson questioned the science underlying climate change on Twitter: ""Interesting article about the 'facts' concerning climate change."" The article Wilson shared was from The Daily Caller and was titled ""300 Scientists Want NOAA to Stop Hiding Its Global Warming Data.""","Twitter, 2/13/16",https://twitter.com/CongJoeWilson/status/698661240520839168,"$97,150"
Tennessee,tn,Representative,Republican,Chuck Fleischmann,TRUE,FALSE,"In a 2012 candidate debate, when asked his views on climate change Rep. Fleischmann responded, “I think we ought to take Al Gore, put him on an iceberg, and put him way out there.”","Chattanooga Times Free Press, 7/7/12",https://www.timesfreepress.com/news/opinion/times/story/2012/jul/07/put-who-on-an-iceberg-chattanooga-times/81964/,"$80,100"
Tennessee,tn,Representative,Republican,Phil Roe,TRUE,FALSE,"According to Vote Smart, Rep. Roe maintains: “Many believe greenhouse gas emissions are contributing to the gradual warming of our planet and changing of our climate. While there are many questions surrounding the science of the issue, it seems to me like we could develop a solution that will reduce greenhouse gas emissions without inflicting catastrophic damage on our economy.”","Vote Smart, 1/1/11",http://votesmart.org/public-statement/549174/,"$49,400"
Tennessee,tn,Representative,Republican,Tim Burchett,TRUE,FALSE,"In response to a winter snowstorm, Rep. Burchett tweeted, ""Al Gore needs to scrape my dadgum windshield.""","Twitter, 1/5/18",https://twitter.com/timburchett/status/949267790049042432,"$11,950"
Texas,tx,Representative,Republican,Brian Babin,TRUE,FALSE,"On Twitter, Rep. Babin wrote, ""Great discussion w/@SarahPalinUSA today at #ClimateHustle screening about the falsehoods of climate change. #TX36""","Twitter, 4/14/16",https://twitter.com/RepBrianBabin/status/720722040152526848,"$176,492"
Texas,tx,Representative,Republican,Chip Roy,TRUE,FALSE,"The San Antonio Express-News reported, ""Shortly after he received Smith’s endorsement in the runoff, Roy said the two Republicans agree on 'the hysteria around climate change.'""","San Antonio Express-News, 5/13/18",https://www.expressnews.com/news/local/politics/article/Chip-Roy-s-plan-to-get-Washington-out-of-the-12911492.php,"$114,200"
Texas,tx,Representative,Republican,Dan Crenshaw,TRUE,FALSE,"On a Facebook Live feed, Rep. Crenshaw said: ""We need to have a well-reasoned discussion and debate about what is causing climate change ... We can't start off the conversation saying the climate is settled. The right way to have this conversation is to actually listen to what the science says on both sides.""","Facebook, 6/24/18",https://www.facebook.com/CrenshawforCongress/videos/talking-veteran-issues-climate-change-and-immigration-see-you-next-week/632055277187223/,"$101,445"
Texas,tx,Representative,Republican,Jodey Arrington,TRUE,FALSE,"Abilene Reporter-News reported: ""Global warming has become a political thunderstorm. Mr. Arrington said the facts fall both ways, so he's not yet convinced.""","Abilene Reporter-News, 5/15/16",http://archive.reporternews.com/opinion/editorials/our-opinion-19th-congressional-district-329205db-ad86-1fe4-e053-0100007f1a8f-379533991.html,"$139,650"
Texas,tx,Representative,Republican,John Carter,TRUE,FALSE,"In an op-ed published on his website, Rep. Carter said, “We may or may not even be in a warming cycle. Even if we are, scientific evidence does not conclude that activity by man plays any significant role.”","Office of Rep. John Carter, last accessed 1/19",https://carter.house.gov/opeds/the-return-of-the-warmers/,"$383,428"
Texas,tx,Representative,Republican,Kevin Brady,TRUE,TRUE,"In 2014, Rep. Brady posted a Daily Caller article titled ""NASA data shows that the 'pause' in global warming continues"" on Facebook, commenting, ""I wonder if proponents of 'climate change' consider a NASA climatologist worth listening to.""","Facebook, 1/23/14",https://www.facebook.com/kevinbrady/posts/i-wonder-if-proponents-of-climate-change-consider-a-nasa-climatologist-worth-lis/10152677313817334/,"$1,753,762"
Texas,tx,Representative,Republican,Lance Gooden,TRUE,FALSE,"In response to a question from The Dallas Morning News' voter guide, Rep. Gooden said: ""I don’t deny the conclusions of the scientific community, but I take issue with those who claim to have all the answers. Climate science is imprecise and so are the consequences of any legislative action we take to address the issue. We can never be so arrogant to believe we can predict with certainty the impacts that will follow specific regulations about emissions, not only for the environment, but also for our economy.""","The Dallas Morning News, last accessed 1/19",https://voterguide.dallasnews.com/2018-general/candidates/469/,"$54,350"
Texas,tx,Representative,Republican,Louie Gohmert,TRUE,FALSE,"In a Breitbart News Daily radio clip, Rep. Gohmert said: “I also noticed, Steven, that it seems like when you hear somebody say over and over again that climate change is our biggest problem, they don’t know that climate has been changing a lot worse over all the millennia of mankind. In fact, I asked a witness, hey, is it as warm as it was back when Leif Erikson and the Norse came across to Greenland and had all those farms in Greenland? He said, it’s never gotten anywhere close to being that warm since then. Do we have any idea what kind of internal combustion engines they were using back then that was causing all this climate change?”","SoundCloud, 2/25/16",https://soundcloud.com/breitbart/breitbart-news-daily-congressman-louie-gohmert-february-25-2016,"$451,354"
Texas,tx,Representative,Republican,Mac Thornberry,TRUE,FALSE,"Hereford BRAND reported that Rep. Thornberry said, “We need to be careful of what we say in the name of climate change ... It has become untethered from what the science really proves so far.”","Hereford BRAND, 9/10/16",http://herefordbrand.com/web/rep-unsure-climate-change/,"$666,155"
Texas,tx,Representative,Republican,Michael C Burgess,TRUE,FALSE,"The Denton Record-Chronicle reported that Rep. Burgess recently hosted the annual University of North Texas (UNT) Energy Summit and Fair, where regional EPA Administrator Anne Idsal spoke. When asked about her views on climate change, she said that she ""doesn't necessarily think the science has panned out on that ... there is a potential that you do have some impact from humankind throughout the globe. What exactly that impact may be or is, I don’t necessarily think the science has been settled on that.” At the end of the event, when asked about Idsal's statements, Burgess simply said, ""I don't disagree with her.""","Denton Record-Chronicle, 7/7/18",https://www.dentonrc.com/news/epa-administrator-says-science-not-panned-out-yet-on-climate/article_a1394752-f531-5869-87b6-c77bc95e5efe.html,"$428,846"
Texas,tx,Representative,Republican,Michael McCaul,TRUE,FALSE,"In his keynote speech at the 2018 International Affairs Fellowship Conference, Rep. McCaul said, ""Well, that issue’s gotten completely politicized, as you know. And, you know, the question is, are we going through a normal Earth cycle or is it—how much of this is man-made?""","Council on Foreign Relations, 5/11/18",https://www.cfr.org/event/conversation-michael-mccaul,"$612,084"
Texas,tx,Representative,Republican,Mike Conaway,TRUE,FALSE,"Rep. Conaway said on the House floor, “Science is never settled … They changed the phraseology because the climate isn’t warming.”","YouTube, 6/29/09",https://www.youtube.com/watch?v=lIpqErN9LJU,"$1,427,442"
Texas,tx,Representative,Republican,Pete Olson,TRUE,FALSE,"In a statement regarding the United States' withdrawal from the Paris climate agreement, Rep. Olson said: ""I have long said that while I support clean air and clean water, any actions on climate change by the US need to be weighed against the science, the impact our reductions will have on a global scale and the economic impacts they will have here at home.""","Office of Rep. Pete Olson, 6/1/17",https://olson.house.gov/media-center/press-releases/olson-statement-on-president-trumps-decision-to-withdraw-from-paris,"$1,106,928"
Texas,tx,Representative,Republican,Randy Weber,TRUE,FALSE,"At a November 2017 hearing of the House Committee on Science, Space, and Technology, Rep. Weber said, “The future is bright for geoengineering."" He said that some proposals such as ""placement of mirrors in space"" and ""brightening the clouds overhead ... could have a cooling effect on our lower atmosphere.""","Wired, 3/28/18",https://www.wired.com/story/why-climate-change-skeptics-are-backing-geoengineering/,"$303,050"
Texas,tx,Representative,Republican,Ron Wright,TRUE,FALSE,"In a video stating his stance on various campaign issues, Rep. Wright said: ""I think we have to strike a balance, and that's what [Rep.] Joe [Barton] tried to do ... When I graduated from high school, they were predicting another ice age. Well, that didn't happen ... We can have both. We can have clean water and clean air, and robust industry.""","The Texas Tribune, 4/18/18",https://www.texastribune.org/2018/04/18/texas-congress-district-2018-election-jake-ellzey-ron-wright/,"$31,500"
Texas,tx,Representative,Republican,Van Taylor,TRUE,FALSE,"On March 13, 2016, Rep. Taylor tweeted out an article from The Daily Signal, which claimed that then-Attorney General Loretta Lynch was considering prosecuting ""climate change deniers."" He commented, ""Obama wants to prosecute people who disagree with him...you can't make this up.""","Twitter, 3/13/16",https://twitter.com/VanTaylorTX/status/709206538670333952,"$237,200"
Utah,ut,Representative,Republican,Chris Stewart,TRUE,FALSE,"In a 2013 op-ed for The Salt Lake Tribune, Rep. Stewart wrote, “The science regarding climate change is anything but settled.”","The Salt Lake Tribune, 4/13/13",http://www.sltrib.com/sltrib/opinion/56130738-82/climate-global-stewart-regarding.html.csp,"$290,606"
Utah,ut,Representative,Republican,Rob Bishop,TRUE,FALSE,"During a discussion with E&E News' interview program, OnPoint, Rep. Bishop said, “If the issue is dealing with carbon in the air and there is climate change all the time and I wish there was more global warming right now. Because it's really cold here -- I want it warmer in some way.”","E&E News, 2/25/15",http://www.eenews.net/videos/1946/transcript,"$548,866"
Virginia,va,Representative,Republican,Morgan Griffith,TRUE,FALSE,"Virginia Public Radio reported: “Griffith says the US alone can't make an impact on the earth’s atmosphere because China and India use so much coal. 'Because what’s happening is they’re spewing all that into the atmosphere in Asia and other parts of the world that are still using coal and then what happens is that it floats through the atmosphere, we all share the same atmosphere. So if you only look at the United States, if you take that position that we’re just going to fix the U.S., we’re not going to fix the rest of the world by doing that.'""","Virginia Public Radio, 4/18/17",https://www.wvtf.org/post/not-all-gop-members-deny-climate-change-theyre-still-minority#stream/0,"$430,806"
Virginia,va,Representative,Republican,Rob Wittman,TRUE,FALSE,"As reported by The American Prospect, Rep. Wittman told the Richmond-Times Dispatch in 2013: “We must recognize that these climactic cycles of heating and cooling have been going on well before man appeared on earth.”","The American Prospect, 7/17/15",http://prospect.org/article/three-climate-deniers-congress-whose-districts-will-soon-be-underwater,"$95,765"
Washington,wa,Representative,Republican,Cathy McMorris Rodgers,TRUE,FALSE,"The Spokesman-Review reported that ""McMorris Rodgers said she believes human activity is 'partially' responsible for global warming.""","The Spokesman-Review, 7/14/18",http://www.spokesman.com/stories/2018/jul/14/brown-mcmorris-rogers-talk-dams-climate-change-and/,"$512,890"
West Virginia,wv,Representative,Republican,Alex Mooney,TRUE,FALSE,"While covering a 2014 candidate forum in West Virginia, ThinkProgress reported: ""Mooney and Casey, however, also openly questioned whether climate change was primarily caused by humans, using the increasingly popular excuse that they're not qualified to know. Mooney said that he didn't believe that scientists had yet come to a consensus around the issue, but said the debate belongs 'in the climate change community.'""","ThinkProgress, 7/25/14",https://thinkprogress.org/in-west-virginia-congressional-race-both-candidates-think-climate-change-is-not-our-problem-a1759b9e2df5/,"$181,573"
West Virginia,wv,Representative,Republican,David McKinley,TRUE,FALSE,"As reported by E&E News, while on an energy policy panel, Rep. McKinley said, ""I think only 4 percent of the CO2 emissions are anthropogenic. Ninety-six percent is naturally occurring.""","E&E News, 4/22/16",https://www.eenews.net/eedaily/stories/1060036074,"$835,704"
Wisconsin,wi,Representative,Republican,Glenn Grothman,TRUE,FALSE,"In a town hall, Rep. Grothman said: ""I don't think the global temperatures have gone up very much over the last dozen or so years; I think if you look over a period of history, there are cold years and warm years and cold decades and warm decades and cold centuries and warm centuries ... Now, we're in a situation right now where I don't think we've had any horrible things happen ... it seems to me that whenever something bad happens, they blame climate change. I do think, over time, we have droughts, all kinds of good things, bad things. I don't think we have enough information to spend billions or trillions of dollars.""","YouTube, 9/5/17",https://www.youtube.com/watch?v=0SYUylC0whs,"$77,900"
Wisconsin,wi,Representative,Republican,Jim Sensenbrenner,TRUE,FALSE,"In a town hall, Rep. Sensenbrenner said, ""I think there is a man-made impact on climate change; there is a scientific consensus that is the case, but there is no scientific consensus on how much human action impacts the climate.""","Milwaukee Journal Sentinel, 3/3/17",https://www.jsonline.com/story/news/local/sussex/2017/03/03/making-sense-washington-congressmans-town-hall-events-sussex-lannon-get-contentious/98694806/,"$100,450"
Wisconsin,wi,Representative,Republican,Sean P. Duffy,TRUE,FALSE,"Rep. Duffy once tweeted in response to a statement from President Obama: ""POTUS says 2014 warmest year on record...please tell that to the Wisconsinites with empty propane tanks. #AlwaysSunnyOnTheGolfCourse""","Twitter, 1/20/15",https://twitter.com/RepSeanDuffy/status/557734814569480193,"$204,845"
Wyoming,wy,Representative,Republican,Liz Cheney,TRUE,FALSE,"On KOWB radio show, Rep. Cheney said, “I think that [the federal government’s] assertions about climate change are based on junk science.""","KOWB, 4/8/16",http://kowb1290.com/cheney-climate-change-assertions-based-on-junk-science/,"$283,025"
Alabama,al,Senator,Republican,Richard Shelby,TRUE,FALSE,"In response to a letter from Weld for Birmingham contributor Tom Gordon, Sen. Shelby responded: “Important scientific research is ongoing, and there are still many questions that must be answered before we take steps to address this issue. For example, is the climate change phenomenon cyclical or is it a function of man-made pollutants, or both? I believe the science must be firmly grounded before we take any actions that could seriously cripple many sectors of our economy.”","Weld for Birmingham, 4/29/15",http://weldbham.com/blog/2015/04/29/richard-shelby-speaks-on-climate-change/,"$606,448"
Alaska,ak,Senator,Republican,Dan Sullivan,TRUE,FALSE,"In a 2014 interview with Fairbanks Daily News-Miner, Sen. Sullivan said: “With 7 billion humans on earth, there is likely some impact on nature. The last few years clearly show, though, that there is no concrete scientific consensus on the extent to which humans contribute to climate change.” More recently, he has made comments about ""seeing the effects of a changing climate"" in Alaska; however, his office did not respond to a request for comment from CAP Action, which asked Sen. Sullivan what he believes is causing these changes.","Fairbanks Daily News-Miner, 8/18/14; Fairbanks Daily News-Miner, 6/1/17",http://www.newsminer.com/u-s-senate-dan-sullivan/article_6f0a7018-270f-11e4-8656-0017a43b2370.html;  http://www.newsminer.com/news/alaska_news/alaska-delegation-has-mixed-reaction-to-trump-s-paris-pullout/article_ef07cf50-473b-11e7-80bd-a72b1c3136a4.html,"$558,299"
Arkansas,ar,Senator,Republican,John Boozman,TRUE,FALSE,"As reported by The Guardian, Sen. Boozman has stated: “'Well I think that we’ve got perhaps climate change going on. The question is what’s causing it. Is man causing it, or, you know, is this a cycle that happens throughout the years, throughout the ages. And you can look back some of the previous times when there was no industrialization, you had these different ages, ice ages, and things warming and things. That’s the question."" More recently, Boozman said in a Senate hearing: ""Now I’m not a scientist but I’m an optometrist, and I spent much of my life working with the scientific community. I was a zoology major. And I’ve said before that there’s nothing scientific about discrediting people who present conflicting evidence and ask reasonable questions.""","The Guardian, 7/29/13; Arkansas Times, 6/21/14",https://www.theguardian.com/environment/2013/jul/29/climate-committee-republicans; http://www.arktimes.com/ArkansasBlog/archives/2014/06/21/daily-show-ridicules-john-boozman-on-climate-change,"$316,077"
Arkansas,ar,Senator,Republican,Tom Cotton,TRUE,FALSE,"The Arkansas Times reported that at an energy panel in 2014, Sen. Cotton said: “The simple fact is that for the last 16 years the earth’s temperature has not warmed. That’s the facts...Now, there’s no doubt that the temperature has risen over the past 150, 200 years. It’s most likely that human activity has contributed to some of that.”","Arkansas Times, 9/25/14",http://www.arktimes.com/ArkansasBlog/archives/2014/09/25/cotton-on-climate-change-yes-its-probably-real-but-let-the-market-handle-it,"$752,330"
Colorado,co,Senator,Republican,Cory Gardner,TRUE,FALSE,"In 2014, MSNBC wrote: “During the lightning round, yes-or-no portion of The Denver Post debate between Gardner and Udall, the Republican was asked ‘do you believe humans are contributing significantly to climate change?’ ‘Well, I’ve said all along climate is changing,’ Gardner began, earning reprimands from the moderators to answer in one word. ‘This is an important issue and I don’t think you can say yes or no,’ Gardner fired back, earning boos from the crowd and another reprimand. ‘I believe climate is changing, but I disagree to the extent that’s been in the news that man is changing –’ he started again, earning a third reprimand and a reminder that he would have time later to explain his answer if he wanted.” Since that time, a spokesman for Sen. Gardner wrote in an email to E&E News, ""Senator Gardner believes human activity is a driver of climate change."" However, Gardner's office did not respond to a request for comment and clarification as to whether he believes human activity is the primary driver of climate change, as is the scientific consensus.","MSNBC, 10/8/14; E&E News, 12/6/18",http://www.msnbc.com/msnbc/gop-senate-candidate-wont-answer-climate-change; https://www.eenews.net/stories/1060108917,"$1,338,649"
Florida,fl,Senator,Republican,Marco Rubio,TRUE,FALSE,"As reported by The Washington Post, Sen. Rubio said on CNN's ""State of the Union"": “I think many scientists would debate the percentage of what is attributable to man versus normal fluctuations.""","The Washington Post, 10/14/18",https://www.washingtonpost.com/powerpost/larry-kudlow-marco-rubio-question-extent-of-human-contribution-to-climate-change/2018/10/14/c8606ae2-cfcf-11e8-b2d2-f397227b43f0_story.html?utm_term=.7fd10e2a7018,"$1,251,150"
Florida,fl,Senator,Republican,Rick Scott,TRUE,FALSE,"The Guardian reported, ""Scott continues to avoid talking about climate change on the campaign trail, often using the explanation 'I’m not a scientist' to dodge awkward questions.""","The Guardian, 10/9/18",https://www.theguardian.com/us-news/2018/oct/09/hurricane-michael-rick-scott-climate-record-slammed,"$173,525"
Georgia,ga,Senator,Republican,David Perdue,TRUE,FALSE,"The Atlanta Journal-Constitution reported that Sen. Perdue told the publication, “The scientific community is not in total agreement about whether mankind has been a contributing factor.”","The Atlanta Journal-Constitution, 8/8/15",http://www.myajc.com/news/news/state-regional-govt-politics/state-agencys-warning-on-climate-change-spurs-acti/nnFBz/,"$240,650"
Georgia,ga,Senator,Republican,Johnny Isakson,TRUE,FALSE,"In response to Democratic senators' comments about carbon reduction, Sen. Isakson said on the Senate floor: “I believe the climate does change, but I don’t believe climate change is a religion. I think it’s science ... And there are mixed reviews on that and there’s mixed scientific evidence on that.""","The Atlanta Journal-Constitution, 3/18/15",https://www.ajc.com/blog/politics/johnny-isakson-tussles-with-democrat-senate-floor-don-believe-climate-change-religion/ajruIc3fbNCxmIHFNplS8J/,"$471,983"
Indiana,in,Senator,Republican,Todd Young,TRUE,FALSE,"In a video published by WLKY, Sen. Young said: “My mind remains open about various scientific questions and so forth. We’re often told there’s a consensus among scientists, and I’ve come to discover, as the number of scientists I talk to and the number of things I read, that’s not necessarily the case.""","WLKY, 10/8/2014",http://www.wlky.com/article/in-their-own-words-todd-young-on-climate-change/3480995,"$675,411"
Iowa,ia,Senator,Republican,Chuck Grassley,TRUE,FALSE,"As reported by Grist, in a conference call with agricultural reporters, Sen. Grassley said: ""And so, not being a scientist, I don’t know exactly where to say only those things that are really quantifiable, and temperature has risen. But the scientific aspect that I still reserving judgment on is the extent to which it’s manmade or natural.""","Grist, 8/26/09",https://grist.org/article/2009-08-26-chuck-grassley-does-not-believe-in-the-threat-of-anthropogenic-c/,"$436,963"
Iowa,ia,Senator,Republican,Joni Ernst,TRUE,FALSE,"In a 2018 CNN interview, Sen. Ernst said, ""Well, we know that our climate is changing. Our climate always changes, and we see those ebbs and flows through time.""","CNN, 11/25/18",https://www.cnn.com/videos/politics/2018/11/25/sotu-ernst-climate.cnn,"$212,900"
Kansas,ks,Senator,Republican,Pat Roberts,TRUE,FALSE,"HuffPost reported on a speech Sen. Roberts delivered in 2013: ""But Roberts, who receives poor ratings from environmental groups, avoided linking the natural disasters to any kind of human-generated climate change, suggesting Mother Nature simply has it in for America. 'I don't know what we've done to Mother Nature, but she sure hasn't been very kind to us,' Roberts said.""","HuffPost, 4/9/13",https://www.huffingtonpost.com/2013/04/09/pat-roberts-climate-change_n_3047625.html,"$869,875"
Kentucky,ky,Senator,Republican,Mitch McConnell,TRUE,TRUE,"Sen. McConnell told Kentucky Sports Radio: ""What I have said repeatedly is I am not a scientist. But what I can tell you is, even if you thought that was important—and there are some scientists who do and some scientists who don't—but even if you thought that was important, the United States doing this by itself is going to have zero impact ... it's not a yes or no question. I am not a scientist ... There are different opinions among scientists.""","HuffPost, last accessed 1/19",https://www.huffingtonpost.com/entry/mitch-mcconnell-gets-combative-on-climate-change-gay-marriage_us_5b576da9e4b01e373aac27b5,"$3,018,793"
Kentucky,ky,Senator,Republican,Rand Paul,TRUE,FALSE,"In a CNN interview, now on YouTube, Sen. Paul said: ""So I don't think we should be alarmist about this. I mean, the planet is 4.5 billion years old. We have gone through great extremes of climate change, natural and now we may have a man-made influence as well, but these people—the question I always ask these alarmists is: How much is nature and how much is man? They act as if it's a given that man is the only source of climate change? Well, my goodness, the great climate changes in our history all happened before the industrial revolution. So, is there climate change? Can man have an impact? Yes. But let's don't be so alarmist as to say such outrageous things that if we don't sign the Paris accord, there's going to be mass extinction? That is a ridiculous statement.""","YouTube, 6/1/17",https://www.youtube.com/watch?v=jF5JRXSUBsc,"$481,660"
Louisiana,la,Senator,Republican,Bill Cassidy,TRUE,FALSE,"During a 2014 debate, Sen. Cassidy said, “global temperatures have not risen in 15 years.”","Washington Examiner, 10/14/14",http://www.washingtonexaminer.com/sen.-mary-landrieu-rep.-bill-cassidy-offer-opposing-climate-change-views/article/2554808,"$1,382,970"
Louisiana,la,Senator,Republican,John Neely Kennedy,TRUE,FALSE,"As reported by The Advocate, Sen. Kennedy ""believes that global temperatures are rising but said the evidence does not clearly explain why.""","The Advocate, 9/12/16",http://www.theadvocate.com/baton_rouge/news/politics/elections/article_349f95d2-78e5-11e6-91b8-8f76fd380d99.html,"$808,432"
Mississippi,ms,Senator,Republican,Roger Wicker,TRUE,FALSE,"In early 2015, Mashable reported that Sen. Wicker was the only senator to vote against an amendment that stated, “Climate change is real and not a hoax.” In a statement after the vote, Wicker reportedly said: “I agree with the more than 31,000 American scientists who do not believe the science on this matter is settled. Scientific research is advanced by asking questions and allowing for multiple viewpoints.”","Mashable, 1/22/15",http://mashable.com/2015/01/22/roger-wicker-only-no-vote-climate-science/#vs53MWgT0sqw,"$922,602"
Missouri,mo,Senator,Republican,Roy Blunt,TRUE,FALSE,"Human Events reported that Sen. Blunt told an editor, “There isn’t any real science to say we are altering the climate path of the earth.”","Human Events, 4/29/09",http://humanevents.com/2009/04/29/christian-leaders-condemn-hate-crimes-bill/,"$1,490,020"
Montana,mt,Senator,Republican,Steve Daines,TRUE,FALSE,"In a radio interview with Montana Public Radio, Sen. Daines admitted that the climate is changing but questioned humans' impact. Daines said that there is “significant debate here” and that the “jury is still out,” and he brought up the debate of sun and solar cycles versus greenhouse gases.","Montana Public Radio, 5/16/14",http://mtpr.org/post/interview-us-house-candidate-steve-daines,"$726,710"
Nebraska,ne,Senator,Republican,Deb Fischer,TRUE,FALSE,"The Lincoln Journal Star reported: ""Ms. Clowser [a legislative aide for Rep. Deb Fischer] told us that the senator acknowledges the climate is changing but believes it is due to natural cycles. She believes that improvements in coal-fired power plants and 'clean coal' technology have satisfied concerns about pollution emissions.""","Lincoln Journal Star, 5/16/15",https://journalstar.com/news/opinion/editorial/columnists/local-view-climate-change-has-arrived-in-nebraska/article_106e6038-d5e8-5f26-8808-866ef29c0371.html,"$256,169"
North Carolina,nc,Senator,Republican,Thom Tillis,TRUE,FALSE,"In a 2018 interview with Spectrum News, Sen. Tillis said: “I think we have to come up with several strategies to recognize reality. That climate changes. Sometimes it changes just because it has over millennia, and other times it changes because of human factors.”","Spectrum News, 8/7/18",https://spectrumlocalnews.com/nc/charlotte/news/2018/08/07/exclusive-thom-tillis-speaks-on-climate-change,"$377,750"
North Dakota,nd,Senator,Republican,John Hoeven,TRUE,FALSE,"In 2015, Sen. Hoeven offered a resolution in the Senate, stating that human-caused climate change is real but that the Keystone XL pipeline would lead to fewer emissions. However, as HuffPost reported, ""That measure fell one vote short of the 60 needed to pass, at 59 to 40, after Hoeven voted against his own amendment.""","HuffPost, 1/21/15",https://www.huffingtonpost.com/2015/01/21/senate-climate-change-key_n_6519728.html,"$804,796"
North Dakota,nd,Senator,Republican,Kevin Cramer,TRUE,FALSE,"On C-SPAN in 2017, in response to a question on whether he believed in climate change, then-Rep. Cramer said, ""For me, it doesn't even matter … that's why I'm trying to find this middle ground.""","C-SPAN, 5/19/17",https://www.c-span.org/video/?428652-4/washington-journal-representative-kevin-cramer-discusses-paris-climate-agreement,"$1,209,347"
Ohio,oh,Senator,Republican,Rob Portman,TRUE,FALSE,"As reported by the Sandusky Register in 2018: ""Portman said he believes the Earth is warming; the data is clear. It’s less clear on how much of that is man-made, but 'I’m willing to err on the side of saying that human involvement is part of it,' he said ... Summing up his [climate] change views, Portman said, 'I believe we know enough to know we have to do something. I believe there are some sensible things we can do that don’t have a big negative economic impact.'""","Sandusky Register, 8/27/18",http://www.sanduskyregister.com/story/201808240025,"$1,225,605"
Oklahoma,ok,Senator,Republican,James Lankford,TRUE,FALSE,The Edmond Sun reported that Sen. Lankford said during a debate: “This whole global warming myth will be exposed as what it really is — a way of control more than anything else ... And that generation will be ticked.”,"Edmond Sun, 2/16/10",http://www.edmondsun.com/news/local_news/th-district-candidates-united-against-cap-and-trade/article_caaa9492-952c-55bd-80ff-91d402ed7591.html,"$1,211,820"
Oklahoma,ok,Senator,Republican,Jim Inhofe,TRUE,TRUE,"The Stillwater News Press reported that Sen. Inhofe said: “First of all, we’ve never argued, climate has always been changing ... All evidence is there. We’re talking about scriptural evidence, we’re talking about scientific evidence ... You can’t argue with climate change because it’s always been changing.""","Stillwater News Press, 10/18/18",https://www.stwnewspress.com/news/local_news/a-view-from-d-c-sen-jim-inhofe-weighs-in/article_a840e333-7c5a-5d5c-b916-a711f04bb742.html,"$2,111,110"
Pennsylvania,pa,Senator,Republican,Pat Toomey,TRUE,FALSE,"A spokesperson for Sen. Toomey told PennLive that ""the senator has always held that human activity contributes to climate change. It's just the degree to which human activity plays a role that was up for debate as far as the senator was concerned."" Previously, Toomey has stated, ""The extent to which that has been caused by human activity, I think is not as clear. I think that is still very much disputed, and it's been debated.”","PennLive, 1/23/15; YouTube, 10/12/10",https://www.pennlive.com/midstate/index.ssf/2015/01/toomey_case_climate_change_key.html; https://www.youtube.com/watch?feature=player_embedded&v=rlYlvR5x8F4,"$1,216,154"
Tennessee,tn,Senator,Republican,Marsha Blackburn,TRUE,FALSE,"Business Insider reported that in a debate with CNN host Chris Cuomo, then-Rep. Blackburn said: “Of course you can be a believer in clean air and clean water and realize that when you work at global warming or climate change, as it is now popularly called, that it is cyclical and you have to look at it in terms of centuries, not in terms of decades ... And the science around that is not a settled science.”","Business Insider, 12/9/16",http://www.businessinsider.com/chris-cuomo-marsha-blackburn-climate-change-2016-12,"$783,369"
Texas,tx,Senator,Republican,John Cornyn,TRUE,TRUE,"The Houston Chronicle reported: ""When CBS News announced it would no longer allow guests to argue that climate change is not real, [Sen. Cornyn] offered a Sphinx-like rebuttal on Twitter: 'Science is not static.'"" Previously, The Dallas Morning News reported that Cornyn admitted that the climate is changing and that it is due in part to human activity, but he is ""not willing to put the federal government in charge of trying to micromanage the environment for the United States of America ... by putting restrictions in place that other nations are not.""","Houston Chronicle, 1/2/19; The Dallas Morning News, 5/14",https://www.houstonchronicle.com/opinion/editorials/article/While-climate-change-hits-Texas-Cornyn-tweets-13504222.php; https://www.dallasnews.com/business/business/2014/05/07/cornyn-people-contribute-to-climate-change-but-federal-response-is-not-the-answer,"$3,444,515"
Texas,tx,Senator,Republican,Ted Cruz,TRUE,TRUE,"In a debate during the 2018 Senate race, High Plains Public Radio reported that Sen. Cruz responded to a question about climate change by saying, ""The climate has been changing from the dawn of time ... The climate will change as long as we have a planet Earth.""","High Plains Public Radio, 10/25/18",https://www.hppr.org/post/what-do-ted-cruz-and-beto-orourke-say-about-climate-change-campaign-trail,"$3,372,000"
Utah,ut,Senator,Republican,Mike Lee,TRUE,FALSE,"In an argument with a reporter on Twitter regarding what he said during NASA nominee Jim Bridenstine's Senate hearing in November 2017, Sen. Lee wrote, ""'Climate-warming trends over the past century are extremely likely due to human activities' ≠ human activities are primary drivers of trends."" In the comment thread, the reporter posted Sen. Lee's full statement from the hearing: ""There was a discussion a moment ago about climate change, and whether or not you regard climate change as being primarily caused by human activity. It's my understanding that it's not even the position of NASA at this point that there is a consensus point. So I think it was entirely appropriate for you to defer and acknowledge your viewpoint that it is an issue, a factor, but defer to answer the question as to whether or not is the primary driver of it.""","Twitter, 11/1/17",https://twitter.com/SenMikeLee/status/925830877720072192,"$380,715"
West Virginia,wv,Senator,Republican,Shelley Moore Capito,TRUE,FALSE,"HuffPost reported that Sen. Capito said, “I don’t necessarily think the climate’s changing, no.” Sen. Capito's office did not respond to a request for further comment from CAP Action.","HuffPost, 10/8/14",http://www.huffingtonpost.com/2014/10/08/capito-climate-change_n_5953796.html,"$1,321,755"
Wisconsin,wi,Senator,Republican,Ron Johnson,TRUE,FALSE,"During a WRJN segment, Sen. Johnson said, ""First of all, the climate hasn't warmed in quite a few years. That is proven scientifically.""","WRJN, last accessed 1/19",http://www.wrjn.com/episode/ron-johnson-u-s-senator-r-wi/,"$642,585"
Wyoming,wy,Senator,Republican,John Barrasso,TRUE,FALSE,"The Hill reported that when asked about how human activities contribute to climate change, Sen. Barrasso responded, ""The climate is constantly changing. The role human activity plays is not known.""","The Hill, 6/5/14",http://thehill.com/policy/energy-environment/208431-gop-leader-climate-change-science-not-known,"$1,271,422"
Wyoming,wy,Senator,Republican,Mike Enzi,TRUE,FALSE,"In an interview with Wyoming Public Radion, Sen. Enzi responded to the release of the 2014 White House climate assessment, saying, “I barely made it back here because of a May snowstorm in Wyoming. They got 18 inches in Cheyenne. It’s a little hard to convince Wyoming people there’s global warming. We have 186% of normal snow pack. That’s global warming?”","Wyoming Public Radio, 5/16/14",http://wyomingpublicmedia.org/post/wyo-lawmakers-reject-new-climate-change-report,"$664,933"